"date","sitename","elev","wtr_yr","daily_precip_mm","pcumul.mm","Tair.C","Pdiff.mm","SWE.mm","runoff_input"
2020-10-01,"UFC",3179.442627,2021,0,0,4.11666666666667,-708,0,0
2020-10-02,"UFC",3179.442627,2021,0,0,4.50138888888889,0,0,0
2020-10-03,"UFC",3179.442627,2021,0,0,3.71805555555556,0,0,0
2020-10-04,"UFC",3179.442627,2021,0,0,4.50902777777778,0,0,0
2020-10-05,"UFC",3179.442627,2021,0,0,4.78263888888889,0,0,0
2020-10-06,"UFC",3179.442627,2021,0,0,4.61736111111111,0,0,0
2020-10-07,"UFC",3179.442627,2021,0,0,5.08472222222222,0,0,0
2020-10-08,"UFC",3179.442627,2021,0,0,5.47291666666667,0,0,0
2020-10-09,"UFC",3179.442627,2021,0,0,6.63333333333333,0,0,0
2020-10-10,"UFC",3179.442627,2021,0,0,6.04305555555556,0,0,0
2020-10-11,"UFC",3179.442627,2021,12,12,1.45486111111111,12,0,12
2020-10-12,"UFC",3179.442627,2021,0,12,-2.66944444444444,0,7.6962,0
2020-10-13,"UFC",3179.442627,2021,0,12,3.26597222222222,0,2.5654,0
2020-10-14,"UFC",3179.442627,2021,0,12,8.62847222222222,0,0,0
2020-10-15,"UFC",3179.442627,2021,0,12,-0.322916666666667,0,0,0
2020-10-16,"UFC",3179.442627,2021,0,12,1.57847222222222,0,0,0
2020-10-17,"UFC",3179.442627,2021,0,12,6.12569444444444,0,0,0
2020-10-18,"UFC",3179.442627,2021,0,12,6.59444444444444,0,0,0
2020-10-19,"UFC",3179.442627,2021,0,12,4.94444444444444,0,0,0
2020-10-20,"UFC",3179.442627,2021,0,12,5.20833333333333,0,0,0
2020-10-21,"UFC",3179.442627,2021,0,12,4.56597222222222,0,0,0
2020-10-22,"UFC",3179.442627,2021,0,12,4.99375,0,0,0
2020-10-23,"UFC",3179.442627,2021,0,12,-0.801388888888889,0,0,0
2020-10-24,"UFC",3179.442627,2021,0,12,5.94652777777778,0,0,0
2020-10-25,"UFC",3179.442627,2021,21,33,-2.06666666666667,21,0,0
2020-10-26,"UFC",3179.442627,2021,2,35,-14.31875,2,23.0886,0
2020-10-27,"UFC",3179.442627,2021,0,35,-13.7027777777778,0,28.2194,0
2020-10-28,"UFC",3179.442627,2021,0,35,-7.41944444444444,0,30.7848,0
2020-10-29,"UFC",3179.442627,2021,0,35,-5.53611111111111,0,30.7848,0
2020-10-30,"UFC",3179.442627,2021,0,35,-5.32152777777778,0,30.7848,0
2020-10-31,"UFC",3179.442627,2021,0,35,-3.61388888888889,0,30.7848,0
2020-11-01,"UFC",3179.442627,2021,0,35,-5.25694444444444,0,30.7848,0
2020-11-02,"UFC",3179.442627,2021,0,35,-3.88541666666667,0,30.7848,0
2020-11-03,"UFC",3179.442627,2021,0,35,-2.31388888888889,0,30.7848,0
2020-11-04,"UFC",3179.442627,2021,0,35,-0.909722222222222,0,30.7848,0
2020-11-05,"UFC",3179.442627,2021,0,35,-1.5375,0,30.7848,0
2020-11-06,"UFC",3179.442627,2021,0,35,-1.12222222222222,0,30.7848,0
2020-11-07,"UFC",3179.442627,2021,1,36,1.08263888888889,1,28.2194,1.77938600828386
2020-11-08,"UFC",3179.442627,2021,11,47,-4.29236111111111,11,35.9156,0
2020-11-09,"UFC",3179.442627,2021,21,68,-7.23819444444444,21,41.0464,0
2020-11-10,"UFC",3179.442627,2021,3,71,-10.0909722222222,3,59.0042,0
2020-11-11,"UFC",3179.442627,2021,1,72,-11.0805555555556,1,59.0042,0
2020-11-12,"UFC",3179.442627,2021,5,77,-11.5583333333333,5,64.135,0
2020-11-13,"UFC",3179.442627,2021,0,77,-12.1958333333333,0,64.135,0
2020-11-14,"UFC",3179.442627,2021,13,90,-9.00277777777778,13,74.3966,0
2020-11-15,"UFC",3179.442627,2021,0,90,-7.69027777777778,0,82.0928,0
2020-11-16,"UFC",3179.442627,2021,0,90,-1.88333333333333,0,89.789,0
2020-11-17,"UFC",3179.442627,2021,0,90,-6.03472222222222,0,89.789,0
2020-11-18,"UFC",3179.442627,2021,0,90,-1.71458333333333,0,92.3544,0
2020-11-19,"UFC",3179.442627,2021,0,90,0.659027777777778,0,92.3544,0
2020-11-20,"UFC",3179.442627,2021,0,90,-2.29513888888889,0,92.3544,0
2020-11-21,"UFC",3179.442627,2021,1,91,-4.76736111111111,1,92.3544,0
2020-11-22,"UFC",3179.442627,2021,1,92,-10.1958333333333,1,92.3544,0
2020-11-23,"UFC",3179.442627,2021,1,93,-2.66388888888889,1,92.3544,0
2020-11-24,"UFC",3179.442627,2021,20,113,-5.61527777777778,20,92.3544,0
2020-11-25,"UFC",3179.442627,2021,0,113,-13.4805555555556,0,110.3122,0
2020-11-26,"UFC",3179.442627,2021,1,114,-10.6222222222222,1,110.3122,0
2020-11-27,"UFC",3179.442627,2021,0,114,-15.26875,0,110.3122,0
2020-11-28,"UFC",3179.442627,2021,0,114,-14.1388888888889,0,110.3122,0
2020-11-29,"UFC",3179.442627,2021,0,114,-14.6604166666667,0,110.3122,0
2020-11-30,"UFC",3179.442627,2021,0,114,-16.0409722222222,0,110.3122,0
2020-12-01,"UFC",3179.442627,2021,5,119,-11.2270833333333,5,110.3122,0
2020-12-02,"UFC",3179.442627,2021,0,119,-16.4173611111111,0,118.0084,0
2020-12-03,"UFC",3179.442627,2021,0,119,-18.4333333333333,0,118.0084,0
2020-12-04,"UFC",3179.442627,2021,0,119,-13.6895833333333,0,118.0084,0
2020-12-05,"UFC",3179.442627,2021,0,119,-11.8347222222222,0,120.5738,0
2020-12-06,"UFC",3179.442627,2021,0,119,-12.3041666666667,0,120.5738,0
2020-12-07,"UFC",3179.442627,2021,0,119,-12.4076388888889,0,120.5738,0
2020-12-08,"UFC",3179.442627,2021,0,119,-12.5520833333333,0,120.5738,0
2020-12-09,"UFC",3179.442627,2021,0,119,-12.6229166666667,0,120.5738,0
2020-12-10,"UFC",3179.442627,2021,1,120,-7.66041666666667,1,123.1392,0
2020-12-11,"UFC",3179.442627,2021,7,127,-9.09375,7,125.7046,0
2020-12-12,"UFC",3179.442627,2021,3,130,-12.2381944444444,3,128.27,0
2020-12-13,"UFC",3179.442627,2021,0,130,-18.6493055555556,0,128.27,0
2020-12-14,"UFC",3179.442627,2021,3,133,-11.8020833333333,3,130.8354,0
2020-12-15,"UFC",3179.442627,2021,2,135,-13.2270833333333,2,138.5316,0
2020-12-16,"UFC",3179.442627,2021,2,137,-11.0076388888889,2,141.097,0
2020-12-17,"UFC",3179.442627,2021,0,137,-13.5666666666667,0,143.6624,0
2020-12-18,"UFC",3179.442627,2021,4,141,-8.77430555555556,4,143.6624,0
2020-12-19,"UFC",3179.442627,2021,1,142,-10.4402777777778,1,146.2278,0
2020-12-20,"UFC",3179.442627,2021,0,142,-7.02222222222222,0,151.3586,0
2020-12-21,"UFC",3179.442627,2021,1,143,-2.76736111111111,1,153.924,0
2020-12-22,"UFC",3179.442627,2021,4,147,-8.37361111111111,4,153.924,0
2020-12-23,"UFC",3179.442627,2021,4,151,-16.0743055555556,4,156.4894,0
2020-12-24,"UFC",3179.442627,2021,0,151,-16.2069444444444,0,159.0548,0
2020-12-25,"UFC",3179.442627,2021,0,151,-14.5881944444444,0,161.6202,0
2020-12-26,"UFC",3179.442627,2021,2,153,-11.4965277777778,2,161.6202,0
2020-12-27,"UFC",3179.442627,2021,8,161,-10.1006944444444,8,169.3164,0
2020-12-28,"UFC",3179.442627,2021,2,163,-10.6402777777778,2,171.8818,0
2020-12-29,"UFC",3179.442627,2021,5,168,-12.2236111111111,5,184.7088,0
2020-12-30,"UFC",3179.442627,2021,0,168,-19.6506944444444,0,184.7088,0
2020-12-31,"UFC",3179.442627,2021,0,168,-10.8673611111111,0,184.7088,0
2021-01-01,"UFC",3179.442627,2021,0,168,-13.5631944444444,0,184.7088,0
2021-01-02,"UFC",3179.442627,2021,0,168,-11.1993055555556,0,184.7088,0
2021-01-03,"UFC",3179.442627,2021,4,172,-8.87083333333333,4,187.2742,0
2021-01-04,"UFC",3179.442627,2021,0,172,-11.5652777777778,0,192.405,0
2021-01-05,"UFC",3179.442627,2021,8,180,-8.71666666666667,8,192.405,0
2021-01-06,"UFC",3179.442627,2021,0,180,-14.0375,0,197.5358,0
2021-01-07,"UFC",3179.442627,2021,0,180,-12.6034722222222,0,197.5358,0
2021-01-08,"UFC",3179.442627,2021,0,180,-14.1465277777778,0,197.5358,0
2021-01-09,"UFC",3179.442627,2021,0,180,-12.0895833333333,0,197.5358,0
2021-01-10,"UFC",3179.442627,2021,0,180,-17.35625,0,197.5358,0
2021-01-11,"UFC",3179.442627,2021,0,180,-19.1513888888889,0,197.5358,0
2021-01-12,"UFC",3179.442627,2021,0,180,-15.0965277777778,0,197.5358,0
2021-01-13,"UFC",3179.442627,2021,1,181,-4.98194444444444,1,197.5358,0
2021-01-14,"UFC",3179.442627,2021,0,181,-11.4319444444444,0,197.5358,0
2021-01-15,"UFC",3179.442627,2021,0,181,-11.5965277777778,0,197.5358,0
2021-01-16,"UFC",3179.442627,2021,3,184,-7.23402777777778,3,200.1012,0
2021-01-17,"UFC",3179.442627,2021,3,187,-5.44652777777778,3,202.6666,0
2021-01-18,"UFC",3179.442627,2021,5,192,-9.16180555555556,5,212.9282,0
2021-01-19,"UFC",3179.442627,2021,0,192,-14.4888888888889,0,212.9282,0
2021-01-20,"UFC",3179.442627,2021,0,192,-12.8020833333333,0,212.9282,0
2021-01-21,"UFC",3179.442627,2021,0,192,-6.70763888888889,0,215.4936,0
2021-01-22,"UFC",3179.442627,2021,0,192,-5.58125,0,215.4936,0
2021-01-23,"UFC",3179.442627,2021,2,194,-7.52708333333333,2,215.4936,0
2021-01-24,"UFC",3179.442627,2021,1,195,-11.8805555555556,1,215.4936,0
2021-01-25,"UFC",3179.442627,2021,1,196,-12.35,1,215.4936,0
2021-01-26,"UFC",3179.442627,2021,1,197,-14.3569444444444,1,218.059,0
2021-01-27,"UFC",3179.442627,2021,0,197,-14.1555555555556,0,220.6244,0
2021-01-28,"UFC",3179.442627,2021,0,197,-9.20069444444444,0,223.1898,0
2021-01-29,"UFC",3179.442627,2021,0,197,-8.09930555555555,0,223.1898,0
2021-01-30,"UFC",3179.442627,2021,6,203,-7.78194444444444,6,223.1898,0
2021-01-31,"UFC",3179.442627,2021,0,203,-12.125,0,228.3206,0
2021-02-01,"UFC",3179.442627,2021,0,203,-9.70277777777778,0,230.886,0
2021-02-02,"UFC",3179.442627,2021,0,203,-6.71736111111111,0,230.886,0
2021-02-03,"UFC",3179.442627,2021,18,221,-5.39166666666667,18,230.886,0
2021-02-04,"UFC",3179.442627,2021,4,225,-12.1625,4,251.4092,0
2021-02-05,"UFC",3179.442627,2021,7,232,-10.5548611111111,7,251.4092,0
2021-02-06,"UFC",3179.442627,2021,5,237,-9.19583333333333,5,261.6708,0
2021-02-07,"UFC",3179.442627,2021,2,239,-5.46111111111111,2,269.367,0
2021-02-08,"UFC",3179.442627,2021,0,239,-3.75416666666667,0,269.367,0
2021-02-09,"UFC",3179.442627,2021,0,239,-2.06944444444444,0,271.9324,0
2021-02-10,"UFC",3179.442627,2021,0,239,-3.95833333333333,0,271.9324,0
2021-02-11,"UFC",3179.442627,2021,1,240,-3.99305555555556,1,271.9324,0
2021-02-12,"UFC",3179.442627,2021,7,247,-3.65486111111111,7,277.0632,0
2021-02-13,"UFC",3179.442627,2021,4,251,-5.63402777777778,4,284.7594,0
2021-02-14,"UFC",3179.442627,2021,4,255,-12.0569444444444,4,287.3248,0
2021-02-15,"UFC",3179.442627,2021,1,256,-13.0548611111111,1,287.3248,0
2021-02-16,"UFC",3179.442627,2021,2,258,-9.62013888888889,2,289.8902,0
2021-02-17,"UFC",3179.442627,2021,6,264,-11.2520833333333,6,292.4556,0
2021-02-18,"UFC",3179.442627,2021,1,265,-14.7548611111111,1,297.5864,0
2021-02-19,"UFC",3179.442627,2021,2,267,-12.7256944444444,2,297.5864,0
2021-02-20,"UFC",3179.442627,2021,5,272,-6.33125,5,307.848,0
2021-02-21,"UFC",3179.442627,2021,0,272,-11.3319444444444,0,310.4134,0
2021-02-22,"UFC",3179.442627,2021,0,272,-7.75277777777778,0,312.9788,0
2021-02-23,"UFC",3179.442627,2021,0,272,-7.07222222222222,0,312.9788,0
2021-02-24,"UFC",3179.442627,2021,1,273,-10.7298611111111,1,312.9788,0
2021-02-25,"UFC",3179.442627,2021,0,273,-12.8534722222222,0,312.9788,0
2021-02-26,"UFC",3179.442627,2021,0,273,-10.1055555555556,0,312.9788,0
2021-02-27,"UFC",3179.442627,2021,8,281,-12.2777777777778,8,315.5442,0
2021-02-28,"UFC",3179.442627,2021,0,281,-17.5715277777778,0,320.675,0
2021-03-01,"UFC",3179.442627,2021,0,281,-14.7361111111111,0,320.675,0
2021-03-02,"UFC",3179.442627,2021,0,281,-10.2861111111111,0,325.8058,0
2021-03-03,"UFC",3179.442627,2021,0,281,-8.12361111111111,0,325.8058,0
2021-03-04,"UFC",3179.442627,2021,10,291,-6.17986111111111,10,330.9366,0
2021-03-05,"UFC",3179.442627,2021,0,291,-7.89027777777778,0,341.1982,0
2021-03-06,"UFC",3179.442627,2021,0,291,-7.00902777777778,0,341.1982,0
2021-03-07,"UFC",3179.442627,2021,0,291,-4.50625,0,341.1982,0
2021-03-08,"UFC",3179.442627,2021,0,291,-2.55277777777778,0,341.1982,0
2021-03-09,"UFC",3179.442627,2021,0,291,-1.57777777777778,0,341.1982,0
2021-03-10,"UFC",3179.442627,2021,15,306,-8.35208333333333,15,346.329,0
2021-03-11,"UFC",3179.442627,2021,0,306,-11.2333333333333,0,351.4598,0
2021-03-12,"UFC",3179.442627,2021,0,306,-6.5625,0,354.0252,0
2021-03-13,"UFC",3179.442627,2021,5,311,-5.14722222222222,5,356.5906,0
2021-03-14,"UFC",3179.442627,2021,15,326,-8.32291666666667,15,364.2868,0
2021-03-15,"UFC",3179.442627,2021,3,329,-7.65902777777778,3,379.6792,0
2021-03-16,"UFC",3179.442627,2021,7,336,-6.27222222222222,7,387.3754,0
2021-03-17,"UFC",3179.442627,2021,1,337,-7.05208333333333,1,395.0716,0
2021-03-18,"UFC",3179.442627,2021,0,337,-7.29861111111111,0,395.0716,0
2021-03-19,"UFC",3179.442627,2021,0,337,-4.15486111111111,0,397.637,0
2021-03-20,"UFC",3179.442627,2021,0,337,-0.185416666666667,0,400.2024,0
2021-03-21,"UFC",3179.442627,2021,20,357,-3.78472222222222,20,402.7678,0
2021-03-22,"UFC",3179.442627,2021,4,361,-5.13472222222222,4,423.291,0
2021-03-23,"UFC",3179.442627,2021,1,362,-8.46666666666667,1,425.8564,0
2021-03-24,"UFC",3179.442627,2021,1,363,-7.24166666666667,1,425.8564,0
2021-03-25,"UFC",3179.442627,2021,3,366,-7.56388888888889,3,430.9872,0
2021-03-26,"UFC",3179.442627,2021,4,370,-6.01527777777778,4,433.5526,0
2021-03-27,"UFC",3179.442627,2021,3,373,-6.15069444444444,3,438.6834,0
2021-03-28,"UFC",3179.442627,2021,0,373,-3.63819444444444,0,441.2488,0
2021-03-29,"UFC",3179.442627,2021,7,380,-0.727777777777778,7,448.945,0
2021-03-30,"UFC",3179.442627,2021,6,386,-10.2708333333333,6,454.0758,0
2021-03-31,"UFC",3179.442627,2021,0,386,-9.62916666666667,0,454.0758,0
2021-04-01,"UFC",3179.442627,2021,0,386,-5.37777777777778,0,456.6412,0
2021-04-02,"UFC",3179.442627,2021,0,386,-0.936111111111111,0,459.2066,0
2021-04-03,"UFC",3179.442627,2021,0,386,0.840972222222222,0,454.0758,0.329643647719422
2021-04-04,"UFC",3179.442627,2021,0,386,0.7125,0,451.5104,0.090556473281481
2021-04-05,"UFC",3179.442627,2021,0,386,2.31805555555556,0,451.5104,3.07849997220364
2021-04-06,"UFC",3179.442627,2021,1,387,-1.76319444444444,1,446.3796,0
2021-04-07,"UFC",3179.442627,2021,1,388,-1.64166666666667,1,443.8142,0
2021-04-08,"UFC",3179.442627,2021,0,388,1.46458333333333,0,448.945,1.49018571607246
2021-04-09,"UFC",3179.442627,2021,1,389,-3.09027777777778,1,451.5104,0
2021-04-10,"UFC",3179.442627,2021,0,389,-0.655555555555556,0,451.5104,0
2021-04-11,"UFC",3179.442627,2021,0,389,1.69583333333333,0,448.945,1.92054263006082
2021-04-12,"UFC",3179.442627,2021,0,389,-0.869444444444444,0,446.3796,0
2021-04-13,"UFC",3179.442627,2021,1,390,-1.12361111111111,1,443.8142,0
2021-04-14,"UFC",3179.442627,2021,0,390,0.00277777777777778,0,443.8142,0
2021-04-15,"UFC",3179.442627,2021,17,407,-1.08888888888889,17,443.8142,0
2021-04-16,"UFC",3179.442627,2021,4,411,-6.14513888888889,4,461.772,0
2021-04-17,"UFC",3179.442627,2021,0,411,-6.925,0,464.3374,0
2021-04-18,"UFC",3179.442627,2021,0,411,-6.23125,0,464.3374,0
2021-04-19,"UFC",3179.442627,2021,12,423,-2.67152777777778,12,469.4682,0
2021-04-20,"UFC",3179.442627,2021,1,424,-8.05902777777778,1,479.7298,0
2021-04-21,"UFC",3179.442627,2021,2,426,-6.08611111111111,2,482.2952,0
2021-04-22,"UFC",3179.442627,2021,14,440,-3.90347222222222,14,489.9914,0
2021-04-23,"UFC",3179.442627,2021,0,440,-5.05,0,502.8184,0
2021-04-24,"UFC",3179.442627,2021,0,440,-0.443055555555556,0,505.3838,0
2021-04-25,"UFC",3179.442627,2021,0,440,3.9,0,505.3838,6.0225031255535
2021-04-26,"UFC",3179.442627,2021,0,440,3.17916666666667,0,500.253,4.68103022249068
2021-04-27,"UFC",3179.442627,2021,0,440,-0.43125,0,495.1222,0
2021-04-28,"UFC",3179.442627,2021,15,455,0.367361111111111,15,500.253,0
2021-04-29,"UFC",3179.442627,2021,0,455,2.13888888888889,0,505.3838,2.74507029109554
2021-04-30,"UFC",3179.442627,2021,0,455,4.22430555555556,0,502.8184,6.62603669562122
2021-05-01,"UFC",3179.442627,2021,0,455,4.71527777777778,0,492.5568,7.53973741090584
2021-05-02,"UFC",3179.442627,2021,7,462,1.70138888888889,7,487.426,0
2021-05-03,"UFC",3179.442627,2021,3,465,-0.495138888888889,3,484.8606,0
2021-05-04,"UFC",3179.442627,2021,7,472,-0.435416666666667,7,484.8606,0
2021-05-05,"UFC",3179.442627,2021,2,474,0.672916666666667,2,497.6876,0
2021-05-06,"UFC",3179.442627,2021,0,474,3.68402777777778,0,497.6876,5.62057819987666
2021-05-07,"UFC",3179.442627,2021,0,474,4.13888888888889,0,495.1222,6.46707603369759
2021-05-08,"UFC",3179.442627,2021,7,481,1.70138888888889,7,477.1644,0
2021-05-09,"UFC",3179.442627,2021,2,483,-1.04236111111111,2,477.1644,0
2021-05-10,"UFC",3179.442627,2021,13,496,-1.59444444444444,13,482.2952,0
2021-05-11,"UFC",3179.442627,2021,11,507,-3.11319444444444,11,495.1222,0
2021-05-12,"UFC",3179.442627,2021,0,507,-1.16319444444444,0,507.9492,0
2021-05-13,"UFC",3179.442627,2021,0,507,2.39375,0,510.5146,3.21936755065633
2021-05-14,"UFC",3179.442627,2021,0,507,3.57152777777778,0,507.9492,5.4112153768553
2021-05-15,"UFC",3179.442627,2021,0,507,4.48055555555556,0,505.3838,7.10291868139211
2021-05-16,"UFC",3179.442627,2021,4,511,3.13611111111111,4,477.1644,0
2021-05-17,"UFC",3179.442627,2021,2,513,2.19236111111111,2,474.599,0
2021-05-18,"UFC",3179.442627,2021,0,513,3.87083333333333,0,477.1644,5.96822387514055
2021-05-19,"UFC",3179.442627,2021,1,514,3.00694444444444,1,454.0758,0
2021-05-20,"UFC",3179.442627,2021,0,514,5.27708333333333,0,443.8142,8.58525916290762
2021-05-21,"UFC",3179.442627,2021,0,514,5.63125,0,423.291,9.2443643464934
2021-05-22,"UFC",3179.442627,2021,20,534,5.09375,20,400.2024,0
2021-05-23,"UFC",3179.442627,2021,2,536,2.26597222222222,2,405.3332,0
2021-05-24,"UFC",3179.442627,2021,0,536,3.39444444444444,0,392.5062,5.08166278506241
2021-05-25,"UFC",3179.442627,2021,0,536,4.80902777777778,0,377.1138,7.71420643009031
2021-05-26,"UFC",3179.442627,2021,0,536,6.36180555555556,0,356.5906,10.6039303330272
2021-05-27,"UFC",3179.442627,2021,0,536,5.98611111111111,0,346.329,9.90476189318423
2021-05-28,"UFC",3179.442627,2021,0,536,6.32291666666667,0,320.675,10.5315579991433
2021-05-29,"UFC",3179.442627,2021,0,536,6.40833333333333,0,305.2826,10.6905186610669
2021-05-30,"UFC",3179.442627,2021,6,542,3.70277777777778,6,292.4556,0
2021-05-31,"UFC",3179.442627,2021,2,544,3.60277777777778,2,292.4556,0
2021-06-01,"UFC",3179.442627,2021,2,546,3.68819444444444,2,284.7594,0
2021-06-02,"UFC",3179.442627,2021,1,547,6.5875,1,282.194,0
2021-06-03,"UFC",3179.442627,2021,0,547,8.80069444444444,0,261.6708,15.1427095580336
2021-06-04,"UFC",3179.442627,2021,0,547,10.3930555555556,0,236.0168,18.1060981579594
2021-06-05,"UFC",3179.442627,2021,2,549,8.96666666666667,2,200.1012,0
2021-06-06,"UFC",3179.442627,2021,0,549,9.4,0,169.3164,16.2580189177091
2021-06-07,"UFC",3179.442627,2021,0,549,11.03125,0,146.2278,19.2937798515189
2021-06-08,"UFC",3179.442627,2021,0,549,12.1368055555556,0,118.0084,21.3512219147906
2021-06-09,"UFC",3179.442627,2021,0,549,11.75625,0,79.5274,20.6430069332122
2021-06-10,"UFC",3179.442627,2021,0,549,13.5756944444444,0,41.0464,24.028998268496
2021-06-11,"UFC",3179.442627,2021,0,549,10.7236111111111,0,20.5232,18.7212629959728
2021-06-12,"UFC",3179.442627,2021,0,549,12.8729166666667,0,0,22.721126806165
2021-06-13,"UFC",3179.442627,2021,0,549,13.1208333333333,0,0,23.182500434675
2021-06-14,"UFC",3179.442627,2021,0,549,14.8347222222222,0,0,26.3720525779882
2021-06-15,"UFC",3179.442627,2021,0,549,15.9548611111111,0,0,28.4566342664663
2021-06-16,"UFC",3179.442627,2021,0,549,15.8965277777778,0,0,28.3480757656404
2021-06-17,"UFC",3179.442627,2021,0,549,16.6805555555556,0,0,29.8071537112646
2021-06-18,"UFC",3179.442627,2021,0,549,14.4979166666667,0,0,25.7452564720291
2021-06-19,"UFC",3179.442627,2021,1,550,11.8826388888889,1,0,0
2021-06-20,"UFC",3179.442627,2021,0,550,14.1347222222222,0,0,25.0693505680775
2021-06-21,"UFC",3179.442627,2021,0,550,12.3340277777778,0,0,21.7182530366305
2021-06-22,"UFC",3179.442627,2021,0,550,14.7506944444444,0,0,10.5856662414883
2021-06-23,"UFC",3179.442627,2021,0,550,13.9493055555556,0,0,0
2021-06-24,"UFC",3179.442627,2021,14,564,10.5368055555556,14,0,14
2021-06-25,"UFC",3179.442627,2021,1,565,7.72152777777778,1,0,1
2021-06-26,"UFC",3179.442627,2021,12,577,6.80625,12,0,12
2021-06-27,"UFC",3179.442627,2021,0,577,7.27986111111111,0,0,0
2021-06-28,"UFC",3179.442627,2021,0,577,7.84652777777778,0,0,0
2021-06-29,"UFC",3179.442627,2021,0,577,9.02152777777778,0,0,0
2021-06-30,"UFC",3179.442627,2021,6,583,9.34305555555556,6,0,6
2021-07-01,"UFC",3179.442627,2021,2,585,10.6229166666667,2,0,2
2021-07-02,"UFC",3179.442627,2021,0,585,11.7381944444444,0,0,0
2021-07-03,"UFC",3179.442627,2021,0,585,13.8611111111111,0,0,0
2021-07-04,"UFC",3179.442627,2021,0,585,13.41875,0,0,0
2021-07-05,"UFC",3179.442627,2021,4,589,13.2506944444444,4,0,4
2021-07-06,"UFC",3179.442627,2021,0,589,13.9715277777778,0,0,0
2021-07-07,"UFC",3179.442627,2021,0,589,14.0479166666667,0,0,0
2021-07-08,"UFC",3179.442627,2021,0,589,15.3361111111111,0,0,0
2021-07-09,"UFC",3179.442627,2021,1,590,14.0423611111111,1,0,1
2021-07-10,"UFC",3179.442627,2021,0,590,13.1069444444444,0,0,0
2021-07-11,"UFC",3179.442627,2021,0,590,13.0020833333333,0,0,0
2021-07-12,"UFC",3179.442627,2021,0,590,14.1930555555556,0,0,0
2021-07-13,"UFC",3179.442627,2021,1,591,13.0659722222222,1,0,1
2021-07-14,"UFC",3179.442627,2021,0,591,9.71875,0,0,0
2021-07-15,"UFC",3179.442627,2021,0,591,11.4381944444444,0,0,0
2021-07-16,"UFC",3179.442627,2021,0,591,12.2798611111111,0,0,0
2021-07-17,"UFC",3179.442627,2021,0,591,13.1465277777778,0,0,0
2021-07-18,"UFC",3179.442627,2021,0,591,14.4666666666667,0,0,0
2021-07-19,"UFC",3179.442627,2021,0,591,15.1743055555556,0,0,0
2021-07-20,"UFC",3179.442627,2021,3,594,14.2826388888889,3,0,3
2021-07-21,"UFC",3179.442627,2021,0,594,14.1861111111111,0,0,0
2021-07-22,"UFC",3179.442627,2021,17,611,12.4701388888889,17,0,17
2021-07-23,"UFC",3179.442627,2021,2,613,11.6527777777778,2,0,2
2021-07-24,"UFC",3179.442627,2021,0,613,12.8895833333333,0,0,0
2021-07-25,"UFC",3179.442627,2021,0,613,14.0409722222222,0,0,0
2021-07-26,"UFC",3179.442627,2021,0,613,13.9534722222222,0,0,0
2021-07-27,"UFC",3179.442627,2021,0,613,14.3652777777778,0,0,0
2021-07-28,"UFC",3179.442627,2021,0,613,15.7430555555556,0,0,0
2021-07-29,"UFC",3179.442627,2021,0,613,16.0298611111111,0,0,0
2021-07-30,"UFC",3179.442627,2021,6,619,12.4534722222222,6,0,6
2021-07-31,"UFC",3179.442627,2021,2,621,10.9611111111111,2,0,2
2021-08-01,"UFC",3179.442627,2021,0,621,11.6479166666667,0,0,0
2021-08-02,"UFC",3179.442627,2021,6,627,11.5916666666667,6,0,6
2021-08-03,"UFC",3179.442627,2021,19,646,9.69230769230769,19,0,19
2021-08-04,"UFC",3179.442627,2021,0,646,10.0715277777778,0,0,0
2021-08-05,"UFC",3179.442627,2021,0,646,11.4715277777778,0,0,0
2021-08-06,"UFC",3179.442627,2021,1,647,13.3458333333333,1,0,1
2021-08-07,"UFC",3179.442627,2021,0,647,9.36875,0,0,0
2021-08-08,"UFC",3179.442627,2021,0,647,11.3722222222222,0,0,0
2021-08-09,"UFC",3179.442627,2021,0,647,12.2381944444444,0,0,0
2021-08-10,"UFC",3179.442627,2021,0,647,11.8895833333333,0,0,0
2021-08-11,"UFC",3179.442627,2021,0,647,12.6659722222222,0,0,0
2021-08-12,"UFC",3179.442627,2021,1,648,11.4256944444444,1,0,1
2021-08-13,"UFC",3179.442627,2021,3,651,10.6458333333333,3,0,3
2021-08-14,"UFC",3179.442627,2021,0,651,11.2173611111111,0,0,0
2021-08-15,"UFC",3179.442627,2021,0,651,11.0715277777778,0,0,0
2021-08-16,"UFC",3179.442627,2021,10,661,9.44583333333333,10,0,10
2021-08-17,"UFC",3179.442627,2021,0,661,10.8659722222222,0,0,0
2021-08-18,"UFC",3179.442627,2021,4,665,10.775,4,0,4
2021-08-19,"UFC",3179.442627,2021,12,677,8.28888888888889,12,0,12
2021-08-20,"UFC",3179.442627,2021,3,680,4.91388888888889,3,0,3
2021-08-21,"UFC",3179.442627,2021,1,681,7.52152777777778,1,0,1
2021-08-22,"UFC",3179.442627,2021,0,681,10.8326388888889,0,0,0
2021-08-23,"UFC",3179.442627,2021,0,681,9.29166666666667,0,0,0
2021-08-24,"UFC",3179.442627,2021,0,681,10.4743055555556,0,0,0
2021-08-25,"UFC",3179.442627,2021,0,681,10.4548611111111,0,0,0
2021-08-26,"UFC",3179.442627,2021,2,683,10.0326388888889,2,0,2
2021-08-27,"UFC",3179.442627,2021,0,683,10.7777777777778,0,0,0
2021-08-28,"UFC",3179.442627,2021,0,683,11.8090277777778,0,0,0
2021-08-29,"UFC",3179.442627,2021,0,683,11.8756944444444,0,0,0
2021-08-30,"UFC",3179.442627,2021,0,683,11.0326388888889,0,0,0
2021-08-31,"UFC",3179.442627,2021,0,683,11.6875,0,0,0
2021-09-01,"UFC",3179.442627,2021,2,685,9.82291666666667,2,0,2
2021-09-02,"UFC",3179.442627,2021,1,686,9.70208333333333,1,0,1
2021-09-03,"UFC",3179.442627,2021,16,702,7.91388888888889,16,0,16
2021-09-04,"UFC",3179.442627,2021,0,702,7.42638888888889,0,0,0
2021-09-05,"UFC",3179.442627,2021,0,702,7.33611111111111,0,0,0
2021-09-06,"UFC",3179.442627,2021,0,702,8.89791666666667,0,0,0
2021-09-07,"UFC",3179.442627,2021,0,702,9.76875,0,0,0
2021-09-08,"UFC",3179.442627,2021,0,702,10.3173611111111,0,0,0
2021-09-09,"UFC",3179.442627,2021,0,702,10.4826388888889,0,0,0
2021-09-10,"UFC",3179.442627,2021,0,702,11.3986111111111,0,0,0
2021-09-11,"UFC",3179.442627,2021,0,702,11.3930555555556,0,0,0
2021-09-12,"UFC",3179.442627,2021,0,702,9.87777777777778,0,0,0
2021-09-13,"UFC",3179.442627,2021,0,702,9.40208333333333,0,0,0
2021-09-14,"UFC",3179.442627,2021,0,702,7.43819444444444,0,0,0
2021-09-15,"UFC",3179.442627,2021,0,702,8.04375,0,0,0
2021-09-16,"UFC",3179.442627,2021,0,702,8.84305555555556,0,0,0
2021-09-17,"UFC",3179.442627,2021,0,702,8.65833333333333,0,0,0
2021-09-18,"UFC",3179.442627,2021,0,702,9.45694444444444,0,0,0
2021-09-19,"UFC",3179.442627,2021,0,702,8.83402777777778,0,0,0
2021-09-20,"UFC",3179.442627,2021,3,705,2.27638888888889,3,0,3
2021-09-21,"UFC",3179.442627,2021,0,705,2.07083333333333,0,0,0
2021-09-22,"UFC",3179.442627,2021,0,705,4.22083333333333,0,0,0
2021-09-23,"UFC",3179.442627,2021,0,705,6.10694444444444,0,0,0
2021-09-24,"UFC",3179.442627,2021,0,705,6.12569444444444,0,0,0
2021-09-25,"UFC",3179.442627,2021,0,705,6.62152777777778,0,0,0
2021-09-26,"UFC",3179.442627,2021,0,705,7.16388888888889,0,0,0
2021-09-27,"UFC",3179.442627,2021,0,705,7.06458333333333,0,0,0
2021-09-28,"UFC",3179.442627,2021,5,710,5.93055555555556,5,0,5
2021-09-29,"UFC",3179.442627,2021,2,712,4.19513888888889,2,0,2
2021-09-30,"UFC",3179.442627,2021,0,712,4.67361111111111,0,0,0
